{"answers":{"request0001":{"relevance":["docid: 3, rank:1.000000","docid: 1, rank:0.500000","docid: 0, rank:0.250000","docid: 2, rank:0.250000","docid: 4, rank:0.250000"],"result":"true"},"request0002":{"relevance":["docid: 3, rank:1.000000","docid: 0, rank:0.500000","docid: 1, rank:0.250000","docid: 4, rank:0.250000"],"result":"true"},"request0003":{"relevance":["docid: 3, rank:1.000000","docid: 1, rank:0.500000","docid: 0, rank:0.250000","docid: 2, rank:0.250000","docid: 4, rank:0.250000"],"result":"true"},"request0004":{"relevance":["docid: 3, rank:1.000000","docid: 2, rank:0.500000","docid: 4, rank:0.500000"],"result":"true"},"request0005":{"result":"false"}}}